NetworkSet,NSTypicalBandwidth,NSMaximumBandwidth,NSNativeNetwork,NetworkName,vLANID,Type,TypicalBandwidth,MaximumBandwidth,SmartLink,PrivateNetwork,Purpose,,
#Configure Ethernet networks,,,,,,,,,,,,,
# Use this sheet to define settings for Ethernet networks to be created in OneView.  ,,,,,,,,,,,,,
# If the row starts with '#' it will be ignored by the script,,,,,,,,,,,,,
# For specific settings - read the comments on the first cell in the column for possible values,,,,,,,,,,,,,
,,,,,,,,,,,,,
,,,,,,,,,,,,,
,,,,Guest-a,3,Ethernet,2,10,Yes,No,General,,
,,,,Guest-b,3,Ethernet,2,10,Yes,No,General,,
,,,,,,,,,,,,,
,,,,,,,,,,,,,
,,,,Management-a-Encl1,13,Ethernet,2,10,Yes,Yes,Management,,
,,,,,,,,,,,,,
,,,,Management-b-Encl1,13,Ethernet,2,10,Yes,Yes,Management,,
,,,,,,,,,,,,,
,,,,Management-a-Encl2,12,Ethernet,2,10,Yes,No,Management,,
,,,,,,,,,,,,,
,,,,Management-b-Encl2,12,Ethernet,2,10,Yes,No,Management,,
,,,,,,,,,,,,,
,,,,,,,,,,,,,
,,,,,,,,,,,,,
,,,,,,,,,,,,,
,,,,,,,,,,,,,
,,,,,,,,,,,,,
SP-NS-a,2,10,,SP-backend-Guest-a_101,101,Ethernet,2,10,Yes,No,General,,
,,,,,,,,,,,,,
SP-NS-b,2,10,,SP-backend-Guest-b_101,101,Ethernet,2,10,Yes,No,General,,
,,,,,,,,,,,,,
SP-NS-a,2,10,,SP-FrontEnd-Internet-a_104,104,Ethernet,2,10,Yes,No,General,,
,,,,,,,,,,,,,
SP-NS-b,2,10,,SP-Frontend-Internet-b_104,104,Ethernet,2,10,Yes,No,General,,
,,,,,,,,,,,,,
SP-NS-a,2,10,,SP-Management-a_100,100,Ethernet,2,10,Yes,No,General,,
,,,,,,,,,,,,,
SP-NS-b,2,10,,SP-Management-b_100,100,Ethernet,2,10,Yes,No,General,,
,,,,,,,,,,,,,
SP-NS-a,2,10,,SP-LM-CSV-a_102,102,Ethernet,2,10,Yes,No,VMMigration,,
,,,,,,,,,,,,,
SP-NS-b,2,10,,SP-LM-CSV-b_103,103,Ethernet,2,10,Yes,No,VMMigration,,
,,,,,,,,,,,,,
SP-NS-a,2,10,,RRAS-a,25,Ethernet,2,10,Yes,No,VMMigration,,
,,,,,,,,,,,,,
SP-NS-b,2,10,,RRAS-b,25,Ethernet,2,10,Yes,No,VMMigration,,
,,,,,,,,,,,,,
,,,,,,,,,,,,,
,,,,,,,,,,,,,
,,,,LM-CSV-a,14,Ethernet,2,10,Yes,No,VMMigration,,
,,,,,,,,,,,,,
,,,,LM-CSV-b,15,Ethernet,2,10,Yes,No,VMMigration,,
