StorageHostName,StorageAdminName,StorageAdminPassword,StoragePorts,StorageDomainName,StoragePools,
,,,,,,
#Configure Storage System,,,,,,
# Use this sheet to define settings for Storage System to be created in OneView.  ,,,,,,
# If the row starts with '#' it will be ignored by the script,,,,,,
# For specific settings - read the comments on the first cell in the column for possible values,,,,,,
#,,,,,,
,,,,,,
,,,,,,
#172.18.11.11,dcs,dcs,0:2:2=FC fabric-a;1:2:2=FC fabric-b,TestDomain,CPG-SSD-AO;CPG-SSD,#ThreePAR7200-4310
,,,,,,
172.18.11.12,dcs,dcs,0:2:1=FC fabric-a;1:2:1=FC fabric-b,ScaleTestingDomain,ScaleTestingDomain_CPG_4;ScaleTestingDomain_CPG_5,#ThreePAR7200-4555
,,,,,,
,,,,,,
,,,,,,
,,,,,,
,,,,,,
