NetworkName,Description,Type,FabricType,FCSwitchName,TypicalBandwidth,MaximumBandwidth,LoginRedistribution,LinkStabilityTime
,,,,,,,,
#Configure Fibre Channel networks,,,,,,,,
# Use this sheet to define settings for FC networks to be created in OneView.  ,,,,,,,,
# If the row starts with '#' it will be ignored by the script,,,,,,,,
# For specific settings - read the comments on the first cell in the column for possible values,,,,,,,,
# ManagedSAN  not used yet,,,,,,,,
,,,,,,,,,,,
,,,,,,,,,,,
FC direct-a,Direct Attach FC For Encl1 on Interconnect 1,FC,DirectAttach,,4,8,30,30
,,,,,,,,
FC direct-b,Direct Attach FC For Encl1 on Interconnect 2,FC,DirectAttach,,4,8,30,30
,,,,,,,,
,,,,,,,,
FC fabric-a,Fabric Attach FC - Encl 1,FC,FabricAttach,SAN1_0,4,8,30,30
,,,,,,,,
FC fabric-b,Fabric Attach FC - Encl 1,FC,FabricAttach,SAN1_0,4,8,30,30
