TemplateName,Description,StoragePool,StorageSystem,Capacity(GB),ProvisionningType,Shared
,,,,,,
#Configure Storage Volume Template,,,,,,
# Use this sheet to define settings for Storage Volume Template to be created in OneView.  ,,,,,,
# If the row starts with '#' it will be ignored by the script,,,,,,
# For specific settings - read the comments on the first cell in the column for possible values,,,,,,
#,,,,,,
,,,,,,
,,,,,,
SVT-4,Tempate with No StorageSystem - Thick - 120 GB,ScaleTestingDomain_CPG_4,,120,Thick,Yes
,,,,,,
SVT-5,Tempate with StorageSystem specified  - Thin - 200 GB,ScaleTestingDomain_CPG_5,,240,Thin,No
,,,, ,,
