VolumeName,Description,StoragePool,StorageSystem,VolumeTemplate,Capacity(GB),ProvisionningType,Shared
,,,,,,,
#Configure Storage Volume Template,,,,,,,
# Use this sheet to define settings for Storage Volume Template to be created in OneView.  ,,,,,,,
# If the row starts with '#' it will be ignored by the script,,,,,,,
# For specific settings - read the comments on the first cell in the column for possible values,,,,,,,
#,,,,,,,
,,,,,,,
,,,,,,,
Vol1-for Profile_in_Encl1,Vol1 in Encl1,ScaleTestingDomain_CPG_4,,SVT-4,21,Thick,Yes
,,,,,,,
Vol2-for Profile_in_Encl1,Vol2 in Encl1,ScaleTestingDomain_CPG_5,,SVT-5,22,,Yes
,,,,, ,,
