LIGName,BayConfig,IGMPSnooping,IGMPIdleTimeout,FastMacCacheFailover,MacRefreshInterval,NetworkLoopProtection,PauseFloodProtection,SNMP,
#Configure Logical InterConnect Group,,,,,,,,,
# Use this sheet to define settings for Logical InterConnect Group to be created in OneView.  ,,,,,,,,,
# If the row starts with '#' it will be ignored by the script,,,,,,,,,
# For specific settings - read the comments on the first cell in the column for possible values,,,,,,,,,
#PauseFloodProtection - SNMP not implemented Yet,,,,,,,,,
,,,,,,,,,
,,,,,,,,,
Encl1-FlexFabric20_40,1=Flex2040F8;2=Flex2040F8;3=;4=;5=;6=;7=;8=,No,30,Yes,5,Yes,Yes,,
,,,,,,,,,
Encl2-FlexFabric20_40,1=Flex2040F8;2=Flex2040F8;3=;4=;5=;6=;7=;8=,No,30,Yes,5,Yes,Yes,,
,,,,,,,,,
,,,,,,,,,
,,,,,,,,,
,,,,,,,,,
,,,,,,,,,
,,,,,,,,,
,,,,,,,,,
,,,,,,,,,
,,,,,,,,,
,,,,,,,,,
