EnclosureGroupName,LogicalInterConnectGroupMapping,PowerRedundantMode,ConfigurationScript,ApplianceConnection

#Configure EnclosureGroup,,,,,,,,,
# Use this sheet to define settings for EnclosureGroup to be created in OneView.  ,,,,,,,,,
# If the row starts with '#' it will be ignored by the script,,,,,,,,,
# For specific settings - read the comments on the first cell in the column for possible values,,,,,,,,,
,,,,,,,,,
,,,,,,,,,
Group-HV01-HV08,1=Encl1-FlexFabric20_40;2=Encl1-FlexFabric20_40,,Enclosure,Encl1
,,,,,,,,,
Group-HV09-HV16,1=Encl2-FlexFabric20_40;2=Encl2-FlexFabric20_40,,Enclosure,Encl2
,,,,,,,,,
,,,,,,,,,
,,,,,,,,,
,,,,,,,,,
,,,,,,,,,
,,,,,,,,,
,,,,,,,,,
,,,,,,,,,
,,,,,,,,,
,,,,,,,,,

