ServerProfileName,ServerHardware,AssignmentType,Description,EnclosureGroup,EnclosureName,ServerHardwareType,BayStart,BayEnd,FWBaseline,FWInstall,BIOSSettings,BootOrder,BootMode,MACAssignment,WWNAssignment,SNAssignment
#Configure Server profile per Rack,,,,,,,,,,,,,,,,
# Use this sheet to define settings for Server profile to be imported in OneView.  ,,,,,,,,,,,,,,,,
# If the row starts with '#' it will be ignored by the script,,,,,,,,,,,,,,,,
# For specific settings - read the comments on the first cell in the column for possible values,,,,,,,,,,,,,,,,
,,,,,,,,,,,,,,,,
,,,,,,,,,,,,,,,,
,,,,,,,,,,,,,,,,


Unassigned Server Profile,unassigned,unassigned,Template Profile,Group-HV01-HV08,Encl1,BL460c Gen8 1,,,,No,,HardDisk;PXE;CD;USB,BIOS,Virtual,Virtual,Physical
"Prod ESXi Server Bay 02,Encl1",,Server,Profile for Bay 2 Encl1,Group-HV01-HV08,Encl1,,2,2,,No,,HardDisk;PXE;CD;USB,BIOS,Virtual,Virtual,Physical
Profile-for-Encl1,,Server,Profile for Encl1,Group-HV01-HV08,Encl1,,3,8,,No,,HardDisk;PXE;CD;USB,BIOS,Virtual,Virtual,Physical
,,,,,,,,,,,,,,,,

,,,,,,,,,,,,,,,,
Profile-for-Encl1,,Server,Profile for Encl1,Group-HV01-HV08,Encl1,,11,16,,No,,HardDisk;PXE;CD;USB,BIOS,Virtual,Virtual,Physical
,,,,,,,,,,,,,,,,
Profile-for-Encl2,,Server,Profile for Encl2,Group-HV09-HV16,Encl2,,1,8,,No,,HardDisk;PXE;CD;USB,BIOS,Virtual,Virtual,Physical
,,,,,,,,,,,,,,,,
Profile-for-Encl2,,Server,Profile for Encl2,Group-HV09-HV16,Encl2,,11,16,,No,,HardDisk;PXE;CD;USB,BIOS,Virtual,Virtual,Physical
,,,,,,,,,,,,,,,,
"Prod ESXi Server Bay 01,Encl1",,Server,Profile for Bay 1 Encl1,Group-HV01-HV08,Encl1,,1,1,,No,,HardDisk;PXE;CD;USB,BIOS,Virtual,Virtual,Physical


,,,,,,,,,,,,,,,,
Unassigned Server Profile,unassigned,unassigned,Template Profile,Group-HV01-HV08,Encl1,BL460c Gen8 1,,,,No,,HardDisk;PXE;CD;USB,BIOS,Virtual,Virtual,Physical
