ServerProfileName,ConnectionID,ConnectionType,NetworkName,PortID,RequestedBandwidth,BootPriority,ConnectionMACAddress,ConnectionWWN,ConnectionWWPN,ArrayWWPN,LunID
,,,,,,,,,,,
#Configure Server profile connection,,,,,,,,,,,
# Use this sheet to define settings for Server profile connection to be created in OneView.  ,,,,,,,,,,,
# If the row starts with '#' it will be ignored by the script,,,,,,,,,,,
# For specific settings - read the comments on the first cell in the column for possible values,,,,,,,,,,,
,,,,,,,,,,,
,,,,,,,,,,,
#Server Profile ,,,,,,,,,,,
Profile-for-Encl1,1,Ethernet,Management-a-Encl1,Flb 1:1-a,2000,Primary,,,,,
Profile-for-Encl1,2,FibreChannel,FC fabric-a,Flb 1:1-b,4000,,,,,,
Profile-for-Encl1,3,Ethernet,Guest-a,Flb 1:1-c,2000,,,,,,
Profile-for-Encl1,4,Ethernet,LM-CSV-a,Flb 1:1-d,2000,,,,,,
,,,,,,,,,,,
Profile-for-Encl1,5,Ethernet,Management-b-Encl1,Flb 1:2-a,2000,,,,,,
Profile-for-Encl1,6,FibreChannel,FC fabric-b,Flb 1:2-b,4000,,,,,,
Profile-for-Encl1,7,Ethernet,Guest-b,Flb 1:2-c,2000,,,,,,
Profile-for-Encl1,8,Ethernet,LM-CSV-b,Flb 1:2-d,2000,,,,,,
,,,,,,,,,,,
,,,,,,,,,,,
,,,,,,,,,,,
,,,,,,,,,,,
Profile-for-Encl2,1,Ethernet,Management-a-Encl2,Flb 1:1-a,2000,Primary,,,,,
Profile-for-Encl2,2,FibreChannel,FC fabric-a,Flb 1:1-b,4000,,,,,,
Profile-for-Encl2,3,Ethernet,Guest-a,Flb 1:1-c,2000,,,,,,
Profile-for-Encl2,4,Ethernet,LM-CSV-a,Flb 1:1-d,2000,,,,,,
,,,,,,,,,,,
Profile-for-Encl2,5,Ethernet,Management-b-Encl2,Flb 1:2-a,2000,,,,,,
Profile-for-Encl2,6,FibreChannel,FC fabric-b,Flb 1:2-b,4000,,,,,,
Profile-for-Encl2,7,Ethernet,Guest-b,Flb 1:2-c,2000,,,,,,
Profile-for-Encl2,8,Ethernet,LM-CSV-b,Flb 1:2-d,2000,,,,,,
,,,,,,,,,,,
,,,,,,,,,,,
,,,,,,,,,,,
,,,,,,,,,,,
"Prod ESXi Server Bay 01,Encl1",1,Ethernet,Management-a-Encl1,Flb 1:1-a,2000,Primary,,,,,
"Prod ESXi Server Bay 01,Encl1",2,FibreChannel,FC fabric-a,Flb 1:1-b,4000,,,,,,
"Prod ESXi Server Bay 01,Encl1",3,Ethernet,Guest-a,Flb 1:1-c,2000,,,,,,
"Prod ESXi Server Bay 01,Encl1",4,Ethernet,LM-CSV-a,Flb 1:1-d,2000,,,,,,
,,,,,,,,,,,
"Prod ESXi Server Bay 01,Encl1",5,Ethernet,Management-b-Encl1,Flb 1:2-a,2000,,,,,,
"Prod ESXi Server Bay 01,Encl1",6,FibreChannel,FC fabric-b,Flb 1:2-b,4000,,,,,,
"Prod ESXi Server Bay 01,Encl1",7,Ethernet,Guest-b,Flb 1:2-c,2000,,,,,,
"Prod ESXi Server Bay 01,Encl1",8,Ethernet,LM-CSV-b,Flb 1:2-d,2000,,,,,,
,,,,,,,,,,,
,,,,,,,,,,,
,,,,,,,,,,,
,,,,,,,,,,,
"Prod ESXi Server Bay 02,Encl1",1,Ethernet,Management-a-Encl1,Flb 1:1-a,2000,Primary,,,,,
"Prod ESXi Server Bay 02,Encl1",2,FibreChannel,FC fabric-a,Flb 1:1-b,4000,,,,,,
"Prod ESXi Server Bay 02,Encl1",3,Ethernet,Guest-a,Flb 1:1-c,2000,,,,,,
"Prod ESXi Server Bay 02,Encl1",4,Ethernet,LM-CSV-a,Flb 1:1-d,2000,,,,,,
,,,,,,,,,,,
"Prod ESXi Server Bay 02,Encl1",5,Ethernet,Management-b-Encl1,Flb 1:2-a,2000,,,,,,
"Prod ESXi Server Bay 02,Encl1",6,FibreChannel,FC fabric-b,Flb 1:2-b,4000,,,,,,
"Prod ESXi Server Bay 02,Encl1",7,Ethernet,Guest-b,Flb 1:2-c,2000,,,,,,
"Prod ESXi Server Bay 02,Encl1",8,Ethernet,LM-CSV-b,Flb 1:2-d,2000,,,,,,
,,,,,,,,,,,
,,,,,,,,,,,
,,,,,,,,,,,
,,,,,,,,,,,
Unassigned Server Profile,1,Ethernet,Management-a-Encl1,Flb 1:1-a,2000,Primary,,,,,
Unassigned Server Profile,2,FibreChannel,FC fabric-a,Flb 1:1-b,4000,,,,,,
Unassigned Server Profile,3,Ethernet,Guest-a,Flb 1:1-c,2000,,,,,,
Unassigned Server Profile,4,Ethernet,LM-CSV-a,Flb 1:1-d,2000,,,,,,
,,,,,,,,,,,
Unassigned Server Profile,5,Ethernet,Management-b-Encl1,Flb 1:2-a,2000,,,,,,
Unassigned Server Profile,6,FibreChannel,FC fabric-b,Flb 1:2-b,4000,,,,,,
Unassigned Server Profile,7,Ethernet,Guest-b,Flb 1:2-c,2000,,,,,,
Unassigned Server Profile,8,Ethernet,LM-CSV-b,Flb 1:2-d,2000,,,,,,
