ServerProfileName,ConnectionName,ConnectionID,NetworkName,PortID,RequestedBandwidth,Bootable,BootPriority,UserDefined,ConnectionMACAddress,ConnectionWWNN,ConnectionWWPN,,,
,,,,,,,,,,,,,,
#Configure Server profile connection,,,,,,,,,,,,,,
# Use this sheet to define settings for Server profile connection to be created in OneView.  ,,,,,,,,,,,,,,
# If the row starts with '#' it will be ignored by the script,,,,,,,,,,,,,,
# DOES NOT apply to RACK Servers (DL),,,,,,,,,,,,,,
# For specific settings -see defintion below,,,,,,,,,,,,,,
,,,,,,,,,,,,,,
# Name of ProfileTemplate that uses those connections,# Connection Name,"# The numeric identifier for this connection.  
# Connections are normally numbered sequentially from 1 within each profile",# The Network (Ethernet or Fibre Channel) or Network Set resource Name to be used with this connection.,"# Identifies the port (FlexNIC) used for this connection. 
# The port can be automatically selected by specifying 'Auto' when creating the connection.  
# 'None' is a valid portID for an unconfigured, and unmapped Connection. 
# G7 only:  For LOM ports, the valid portId prefix will be ""Lom""
# Gen8 only:  For FlexLOMs, the valid portId prefix will be ""Flb""
# Mezzanine adapter prefix is ""Mezz""","# Requested bandwidth (in Mbps) to be used for this connection.
# Default: 2500","# Specify to configure bootable settings. 
# If omitted, then the connection is not bootable, and -priority is set to NotBootable.
# Yes / No","# Optional boot option for this connection, but Required if -bootable is specified.  
# Accepted values are:
# NotBootable 
# UseBIOS
# Primary or Secondary. 
# When the Connection Type is Ethernet, this affects PXE boot. 
# If the Connection Type is FibreChannel, this enables BfS settings.","# Use to specify user defined address values
# Yes / No",# Requested MAC address of the connection,# Requested WWNN address of the connection,# Requested WWPN address of the connection,,,
,,,,,,,,,,,,,,
,,,,,,,,,,,,,,
,,,,,,,,,,,,,,
,,,,,,,,,,,,,,
,,,,,,,,,,,,,,
,,,,,,,,,,,,,,
,,,,,,,,,,,,,,
,,,,,,,,,,,,,,
,,,,,,,,,,,,,,
,,,,,,,,,,,,,,
,,,,,,,,,,,,,,
,,,,,,,,,,,,,,
,,,,,,,,,,,,,,
,,,,,,,,,,,,,,
Template-SY-840-Gen9-2,,1,PXE-a,Mezz 3:1-a,2000,Yes,Primary,No,,,,,,
Template-SY-840-Gen9-2,,2,VC1-SAN10,Mezz 3:1-b,4000,No,,No,,,,,,
Template-SY-840-Gen9-2,,3,Management-a,Mezz 3:1-c,2000,No,,No,,,,,,
Template-SY-840-Gen9-2,,4,Guest-a,Mezz 3:1-d,2000,No,,No,,,,,,
,,,,,,,,,,,,,,
,,,,,,,,,,,,,,
,,,,,,,,,,,,,,
,,,,,,,,,,,,,,
,,,,,,,,,,,,,,
,,,,,,,,,,,,,,
,,,,,,,,,,,,,,
,,,,,,,,,,,,,,
,,,,,,,,,,,,,,
,,,,,,,,,,,,,,
,,,,,,,,,,,,,,
,,,,,,,,,,,,,,
,,,,,,,,,,,,,,
,,,,,,,,,,,,,,
,,,,,,,,,,,,,,
,,,,,,,,,,,,,,
,,,,,,,,,,,,,,
,,,,,,,,,,,,,,
,,,,,,,,,,,,,,
,,,,,,,,,,,,,,
,,,,,,,,,,,,,,
,,,,,,,,,,,,,,
,,,,,,,,,,,,,,
,,,,,,,,,,,,,,
,,,,,,,,,,,,,,
,,,,,,,,,,,,,,
,,,,,,,,,,,,,,
,,,,,,,,,,,,,,
,,,,,,,,,,,,,,
,,,,,,,,,,,,,,
,,,,,,,,,,,,,,
,,,,,,,,,,,,,,
,,,,,,,,,,,,,,
,,,,,,,,,,,,,,
,,,,,,,,,,,,,,
,,,,,,,,,,,,,,
,,,,,,,,,,,,,,
,,,,,,,,,,,,,,
,,,,,,,,,,,,,,
,,,,,,,,,,,,,,
,,,,,,,,,,,,,,
,,,,,,,,,,,,,,
,,,,,,,,,,,,,,
,,,,,,,,,,,,,,
,,,,,,,,,,,,,,
,,,,,,,,,,,,,,
,,,,,,,,,,,,,,
,,,,,,,,,,,,,,
,,,,,,,,,,,,,,
,,,,,,,,,,,,,,
,,,,,,,,,,,,,,
,,,,,,,,,,,,,,
,,,,,,,,,,,,,,
,,,,,,,,,,,,,,
,,,,,,,,,,,,,,
,,,,,,,,,,,,,,
,,,,,,,,,,,,,,
,,,,,,,,,,,,,,
,,,,,,,,,,,,,,
,,,,,,,,,,,,,,
,,,,,,,,,,,,,,
,,,,,,,,,,,,,,
,,,,,,,,,,,,,,
,,,,,,,,,,,,,,
,,,,,,,,,,,,,,
,,,,,,,,,,,,,,
,,,,,,,,,,,,,,
,,,,,,,,,,,,,,
,,,,,,,,,,,,,,
,,,,,,,,,,,,,,
,,,,,,,,,,,,,,
,,,,,,,,,,,,,,
,,,,,,,,,,,,,,
,,,,,,,,,,,,,,
,,,,,,,,,,,,,,
,,,,,,,,,,,,,,
,,,,,,,,,,,,,,
,,,,,,,,,,,,,,
,,,,,,,,,,,,,,
,,,,,,,,,,,,,,
,,,,,,,,,,,,,,
,,,,,,,,,,,,,,
,,,,,,,,,,,,,,
,,,,,,,,,,,,,,
,,,,,,,,,,,,,,
,,,,,,,,,,,,,,
,,,,,,,,,,,,,,
,,,,,,,,,,,,,,
,,,,,,,,,,,,,,
,,,,,,,,,,,,,,
,,,,,,,,,,,,,,
,,,,,,,,,,,,,,
,,,,,,,,,,,,,,
,,,,,,,,,,,,,,
,,,,,,,,,,,,,,
,,,,,,,,,,,,,,
,,,,,,,,,,,,,,
,,,,,,,,,,,,,,
,,,,,,,,,,,,,,
,,,,,,,,,,,,,,
,,,,,,,,,,,,,,
,,,,,,,,,,,,,,
